PID,POS,X,Y
0,1,-120.57004601600,34.44864631730
0,2,-120.60841820400,34.44760256250
0,3,-120.58053792700,34.38883680900
0,4,-120.42875159100,34.40069133320
0,5,-120.50148368500,34.45047227310
0,6,-120.51515754300,34.45011210200
0,7,-120.54211745800,34.44939614800
0,8,-120.57004601600,34.44864631730
1,1,-121.05252076200,35.49309591710
1,2,-120.72961159700,35.10110907040
1,3,-120.66838363200,34.53582591200
1,4,-120.51515754300,34.45011210200
1,5,-120.50148368500,34.45047227310
1,6,-120.60517206400,34.52120745780
1,7,-120.65836531400,35.11781904980
1,8,-121.03835907800,35.49373335890
1,9,-121.05252076200,35.49309591710
2,1,-121.92354238400,36.63375919930
2,2,-121.95541616900,36.64060046530
2,3,-121.92233757900,36.31502996690
2,4,-121.81373541100,36.24817841170
2,5,-121.58317353900,36.07342211160
2,6,-121.05252076200,35.49309591710
2,7,-121.03835907800,35.49373335890
2,8,-121.56391965500,36.06917369350
2,9,-121.88855476300,36.31328821040
2,10,-121.90702422500,36.39067069240
2,11,-121.92354238400,36.63375919930
3,1,-124.10463165500,40.09758183700
3,2,-124.12880494600,40.09592386450
3,3,-123.80267432200,39.71725276160
3,4,-123.75661389100,38.88874555180
3,5,-123.01103547000,38.19501866750
3,6,-123.03777098600,37.98647551880
3,7,-122.51820119000,37.41913975450
3,8,-122.44340175800,37.22435074330
3,9,-122.15280971000,36.95729773050
3,10,-122.11402492800,36.95970867160
3,11,-122.41970382900,37.24220246740
3,12,-122.52093106000,37.80898867540
3,13,-123.00178601900,37.99939872090
3,14,-122.97428794100,38.20262959270
3,15,-123.72372582500,38.89431589350
3,16,-123.76632308100,39.71953141460
3,17,-124.10463165500,40.09758183700
4,1,-124.39096404400,40.41296803790
4,2,-124.44019585500,40.41373745390
4,3,-124.38832210500,40.38060903500
4,4,-124.36415363300,40.30120692880
4,5,-124.37274037600,40.25028359170
4,6,-124.12880494600,40.09592386450
4,7,-124.10463165500,40.09758183700
4,8,-124.33829099200,40.25037532760
4,9,-124.39096404400,40.41296803790
5,1,-124.60774623800,42.87971708890
5,2,-124.46043932600,42.60633323130
5,3,-124.46884544900,42.28830744380
5,4,-124.36220899000,41.99763714510
5,5,-124.17383999600,41.40483485930
5,6,-124.22116734800,41.00484663710
5,7,-124.26319896100,40.81424864370
5,8,-124.40968433700,40.65830259880
5,9,-124.49736763200,40.48679319560
5,10,-124.44019585500,40.41373745390
5,11,-124.39096404400,40.41296803790
5,12,-124.13007648600,40.96396487680
5,13,-124.05828231500,41.48268089400
5,14,-124.25008968500,42.00527018390
5,15,-124.44757773700,42.28376084280
5,16,-124.40026965500,42.59805856600
5,17,-124.55338402500,42.86023598820
5,18,-124.60774623800,42.87971708890
6,1,-124.06004806400,46.29244396990
6,2,-124.12975730300,46.28817621420
6,3,-124.07645356700,45.88164282070
6,4,-124.07996105900,45.22658292250
6,5,-124.09700511900,44.90060761660
6,6,-124.16917988900,44.56234821330
6,7,-124.20141205100,43.80688809860
6,8,-124.48735573800,43.11526847730
6,9,-124.60774623800,42.87971708890
6,10,-124.55338402500,42.86023598820
6,11,-124.16479790500,43.80786765850
6,12,-124.09204352600,44.51868830720
6,13,-124.08778521000,44.56751221550
6,14,-123.94758645200,46.12938756280
6,15,-124.06004806400,46.29244396990
7,1,-124.73489185800,48.36158500980
7,2,-124.85203535100,48.09499999780
7,3,-124.54424889900,47.41477687640
7,4,-124.31614257900,46.90687464920
7,5,-124.20356778100,46.58382638100
7,6,-124.12975730300,46.28817621420
7,7,-124.06004806400,46.29244396990
7,8,-123.80114108400,46.64758085620
7,9,-124.07720023300,46.87385068550
7,10,-124.40442946700,47.46063999630
7,11,-124.43407898900,47.67735343500
7,12,-124.71459002300,47.87812707950
7,13,-124.75266833800,48.14296527960
7,14,-124.67575525100,48.36664362710
7,15,-124.73489185800,48.36158500980
8,1,-124.93256300200,48.51743299020
8,2,-124.87121993200,48.34980923830
8,3,-124.79740851200,48.35620469980
8,4,-124.73489185800,48.36158500980
8,5,-124.67575525100,48.36664362710
8,6,-124.73523128500,48.52713426070
8,7,-124.93256300200,48.51743299020
9,1,-124.79740851200,48.35620469980
9,2,-124.95947439800,48.05230182170
9,3,-124.65071813100,47.37166262820
9,4,-124.67532702700,47.06782158520
9,5,-124.47254232300,47.00764494020
9,6,-124.25812840700,46.28020588030
9,7,-124.12975730300,46.28817621420
9,8,-124.20356778100,46.58382638100
9,9,-124.31614257900,46.90687464920
9,10,-124.54424889900,47.41477687640
9,11,-124.85203535100,48.09499999780
9,12,-124.73489185800,48.36158500980
9,13,-124.79740851200,48.35620469980
10,1,-124.12975730300,46.28817621420
10,2,-124.25812840700,46.28020588030
10,3,-124.17482849000,45.80897901840
10,4,-124.14553636300,45.01454809970
10,5,-124.45998369300,44.54341007040
10,6,-124.73241752700,44.29370451300
10,7,-124.45771409300,44.27602396250
10,8,-124.27465537500,43.80176751520
10,9,-124.59649975100,43.21671283420
10,10,-124.55940895900,43.07376735870
10,11,-124.67667655900,42.87911017940
10,12,-124.60774623800,42.87971708890
10,13,-124.48735573800,43.11526847730
10,14,-124.20141205100,43.80688809860
10,15,-124.16917988900,44.56234821330
10,16,-124.09700511900,44.90060761660
10,17,-124.07996105900,45.22658292250
10,18,-124.07645356700,45.88164282070
10,19,-124.12975730300,46.28817621420
11,1,-124.60774623800,42.87971708890
11,2,-124.67667655900,42.87911017940
11,3,-124.57475838800,42.66335093580
11,4,-124.65174799700,42.44864290170
11,5,-124.50307449200,42.34075509720
11,6,-124.46489978700,41.99054171040
11,7,-124.38723332200,41.75252508740
11,8,-124.29150687300,41.26273897470
11,9,-124.30552530300,40.92915778370
11,10,-124.45197717300,40.60886090570
11,11,-124.55106225000,40.51054952880
11,12,-124.51282690600,40.41483022770
11,13,-124.44019585500,40.41373745390
11,14,-124.49736763200,40.48679319560
11,15,-124.40968433700,40.65830259880
11,16,-124.26319896100,40.81424864370
11,17,-124.22116734800,41.00484663710
11,18,-124.17383999600,41.40483485930
11,19,-124.36220899000,41.99763714510
11,20,-124.46884544900,42.28830744380
11,21,-124.46043932600,42.60633323130
11,22,-124.60774623800,42.87971708890
12,1,-124.44019585500,40.41373745390
12,2,-124.51282690600,40.41483022770
12,3,-124.41358858000,40.37935424900
12,4,-124.37799158200,40.29969161320
12,5,-124.40989710900,40.25157875830
12,6,-124.18672280900,40.09192822210
12,7,-124.12880494600,40.09592386450
12,8,-124.37274037600,40.25028359170
12,9,-124.36415363300,40.30120692880
12,10,-124.38832210500,40.38060903500
12,11,-124.44019585500,40.41373745390
13,1,-124.12880494600,40.09592386450
13,2,-124.18672280900,40.09192822210
13,3,-123.85051149700,39.70895398030
13,4,-123.85572712700,38.95631637690
13,5,-123.22026652700,38.30139739280
13,6,-123.16342440600,38.00807320540
13,7,-123.35843135700,38.03584651750
13,8,-122.89920104200,37.59205912690
13,9,-122.53384922100,37.14239489520
13,10,-122.21171586700,36.95339023460
13,11,-122.15280971000,36.95729773050
13,12,-122.44340175800,37.22435074330
13,13,-122.51820119000,37.41913975450
13,14,-123.03777098600,37.98647551880
13,15,-123.01103547000,38.19501866750
13,16,-123.75661389100,38.88874555180
13,17,-123.80267432200,39.71725276160
13,18,-124.12880494600,40.09592386450
14,1,-121.95541616900,36.64060046530
14,2,-121.96077005900,36.61472846380
14,3,-121.95777722000,36.45185515720
14,4,-121.97736720300,36.31277322740
14,5,-121.80660500000,36.22970150030
14,6,-121.59415434700,36.07052226980
14,7,-121.38912400900,35.80489247900
14,8,-121.28730620300,35.67323424950
14,9,-121.18689066700,35.61091617240
14,10,-121.06651724800,35.49246384470
14,11,-121.05252076200,35.49309591710
14,12,-121.58317353900,36.07342211160
14,13,-121.81373541100,36.24817841170
14,14,-121.92233757900,36.31502996690
14,15,-121.95541616900,36.64060046530
15,1,-121.05252076200,35.49309591710
15,2,-121.06651724800,35.49246384470
15,3,-120.94111520500,35.28529979360
15,4,-120.81199586400,35.11283321660
15,5,-120.78783569500,34.73492665170
15,6,-120.69460310300,34.52711221070
15,7,-120.54211745800,34.44939614800
15,8,-120.51515754300,34.45011210200
15,9,-120.66838363200,34.53582591200
15,10,-120.72961159700,35.10110907040
15,11,-121.05252076200,35.49309591710
16,1,-121.09566957000,35.49114074750
16,2,-120.97195789900,35.28917244410
16,3,-120.87803057900,35.14623195020
16,4,-120.81122295000,34.66435499330
16,5,-120.71848913800,34.52101286840
16,6,-120.57004601600,34.44864631730
16,7,-120.54211745800,34.44939614800
16,8,-120.69460310300,34.52711221070
16,9,-120.78783569500,34.73492665170
16,10,-120.81199586400,35.11283321660
16,11,-120.94111520500,35.28529979360
16,12,-121.06651724800,35.49246384470
16,13,-121.09566957000,35.49114074750
17,1,-122.26476710400,36.94984051600
17,2,-122.15410681700,36.85606951510
17,3,-121.82857270900,36.80882314940
17,4,-121.98051135000,36.66802201900
17,5,-121.96735352500,36.53822600470
17,6,-121.96077005900,36.61472846380
17,7,-121.96641645000,36.66041238680
17,8,-121.81507226300,36.80948700860
17,9,-121.81986532400,36.82867041980
17,10,-122.12795562200,36.86853765850
17,11,-122.21171586700,36.95339023460
17,12,-122.26476710400,36.94984051600
18,1,-124.18672280900,40.09192822210
18,2,-124.24691743500,40.08774076010
18,3,-123.93287791400,39.75491608650
18,4,-123.90227210600,38.91894659580
18,5,-123.51404609100,38.51679392740
18,6,-123.34278744900,38.09394098200
18,7,-123.44509163900,38.04743745390
18,8,-122.98645172700,37.63616923230
18,9,-122.94160035300,37.56682781430
18,10,-122.62629582600,37.07426009310
18,11,-122.39816875500,37.02984878860
18,12,-122.26476710400,36.94984051600
18,13,-122.21171586700,36.95339023460
18,14,-122.53384922100,37.14239489520
18,15,-122.89920104200,37.59205912690
18,16,-123.35843135700,38.03584651750
18,17,-123.16342440600,38.00807320540
18,18,-123.22026652700,38.30139739280
18,19,-123.85572712700,38.95631637690
18,20,-123.85051149700,39.70895398030
18,21,-124.18672280900,40.09192822210
19,1,-124.51282690600,40.41483022770
19,2,-124.54323223700,40.41527270770
19,3,-124.44646570900,40.37099730460
19,4,-124.42015260500,40.26060760160
19,5,-124.50317231000,40.25866325680
19,6,-124.24691743500,40.08774076010
19,7,-124.18672280900,40.09192822210
19,8,-124.40989710900,40.25157875830
19,9,-124.37799158200,40.29969161320
19,10,-124.41358858000,40.37935424900
19,11,-124.51282690600,40.41483022770
20,1,-124.74188414300,42.95183146500
20,2,-124.65352067400,42.55772787640
20,3,-124.70348601200,42.46967324830
20,4,-124.58087925400,42.32621716720
20,5,-124.53442583000,41.98568116130
20,6,-124.32667489800,41.10541043740
20,7,-124.39920187800,40.81321605150
20,8,-124.60431401600,40.58878145330
20,9,-124.57123885800,40.51363672360
20,10,-124.54323223700,40.41527270770
20,11,-124.51282690600,40.41483022770
20,12,-124.55106225000,40.51054952880
20,13,-124.45197717300,40.60886090570
20,14,-124.30552530300,40.92915778370
20,15,-124.29150687300,41.26273897470
20,16,-124.38723332200,41.75252508740
20,17,-124.46489978700,41.99054171040
20,18,-124.50307449200,42.34075509720
20,19,-124.65174799700,42.44864290170
20,20,-124.57475838800,42.66335093580
20,21,-124.67667655900,42.87911017940
20,22,-124.74188414300,42.95183146500
21,1,-124.25812840700,46.28020588030
21,2,-124.28676840200,46.27840800610
21,3,-124.43864874300,45.87001112770
21,4,-124.26356063700,45.68441383690
21,5,-124.23588879300,45.01338865280
21,6,-124.58410975600,44.53509393560
21,7,-124.90073368300,44.22738550700
21,8,-124.88193288500,43.95142335910
21,9,-124.55463457800,44.00142589700
21,10,-124.45023528300,43.79063475390
21,11,-124.74188414300,42.95183146500
21,12,-124.67667655900,42.87911017940
21,13,-124.55940895900,43.07376735870
21,14,-124.59649975100,43.21671283420
21,15,-124.27465537500,43.80176751520
21,16,-124.45771409300,44.27602396250
21,17,-124.73241752700,44.29370451300
21,18,-124.45998369300,44.54341007040
21,19,-124.14553636300,45.01454809970
21,20,-124.17482849000,45.80897901840
21,21,-124.25812840700,46.28020588030
22,1,-124.87121993200,48.34980923830
22,2,-125.00820083000,48.05821329380
22,3,-124.98872015400,47.74331257280
22,4,-124.71693133100,47.36277463860
22,5,-124.83552213000,47.06182308490
22,6,-124.58106705200,46.96863343730
22,7,-124.28676840200,46.27840800610
22,8,-124.25812840700,46.28020588030
22,9,-124.47254232300,47.00764494020
22,10,-124.67532702700,47.06782158520
22,11,-124.65071813100,47.37166262820
22,12,-124.95947439800,48.05230182170
22,13,-124.79740851200,48.35620469980
22,14,-124.87121993200,48.34980923830
23,1,-125.71560757400,48.47572435570
23,2,-125.61862377600,48.28241456070
23,3,-124.87121993200,48.34980923830
23,4,-124.93256300200,48.51743299020
23,5,-125.71560757400,48.47572435570
24,1,-125.61862377600,48.28241456070
24,2,-125.51636058000,48.11479434670
24,3,-125.20823256100,48.15925424560
24,4,-125.04387634400,47.70293234450
24,5,-124.79565546400,47.39424621010
24,6,-124.94455297800,47.02701271150
24,7,-124.45066622900,46.55126631730
24,8,-124.39074615600,46.27182046820
24,9,-124.28676840200,46.27840800610
24,10,-124.58106705200,46.96863343730
24,11,-124.83552213000,47.06182308490
24,12,-124.71693133100,47.36277463860
24,13,-124.98872015400,47.74331257280
24,14,-125.00820083000,48.05821329380
24,15,-124.87121993200,48.34980923830
24,16,-125.61862377600,48.28241456070
25,1,-124.28676840200,46.27840800610
25,2,-124.39074615600,46.27182046820
25,3,-124.62548861800,45.94018055220
25,4,-124.49806649100,45.77459800210
25,5,-124.34136248300,44.97913393450
25,6,-124.66509970400,44.52959270910
25,7,-124.93580298500,44.25217148740
25,8,-124.92567671300,43.90284562010
25,9,-124.60761939400,43.92509935300
25,10,-124.55777458500,43.78295498250
25,11,-124.74621448500,43.07888736270
25,12,-124.85891416600,42.99350866000
25,13,-124.74188414300,42.95183146500
25,14,-124.45023528300,43.79063475390
25,15,-124.55463457800,44.00142589700
25,16,-124.88193288500,43.95142335910
25,17,-124.90073368300,44.22738550700
25,18,-124.58410975600,44.53509393560
25,19,-124.23588879300,45.01338865280
25,20,-124.26356063700,45.68441383690
25,21,-124.43864874300,45.87001112770
25,22,-124.28676840200,46.27840800610
26,1,-124.85891416600,42.99350866000
26,2,-124.77768391200,42.89469449380
26,3,-124.71446588200,42.55340578190
26,4,-124.80484048900,42.49231831830
26,5,-124.61673198600,42.31914146560
26,6,-124.58043021700,41.98243985400
26,7,-124.35485004100,41.13990381030
26,8,-124.45993194900,40.79434557390
26,9,-124.65095030100,40.58081994790
26,10,-124.58196961900,40.41582363340
26,11,-124.54323223700,40.41527270770
26,12,-124.57123885800,40.51363672360
26,13,-124.60431401600,40.58878145330
26,14,-124.39920187800,40.81321605150
26,15,-124.32667489800,41.10541043740
26,16,-124.53442583000,41.98568116130
26,17,-124.58087925400,42.32621716720
26,18,-124.70348601200,42.46967324830
26,19,-124.65352067400,42.55772787640
26,20,-124.74188414300,42.95183146500
26,21,-124.85891416600,42.99350866000
27,1,-124.54323223700,40.41527270770
27,2,-124.58196961900,40.41582363340
27,3,-124.46665635300,40.36554361310
27,4,-124.43472436600,40.27360190110
27,5,-124.57105695100,40.28181815820
27,6,-124.29212776300,40.08457238730
27,7,-124.24691743500,40.08774076010
27,8,-124.50317231000,40.25866325680
27,9,-124.42015260500,40.26060760160
27,10,-124.44646570900,40.37099730460
27,11,-124.54323223700,40.41527270770
28,1,-124.24691743500,40.08774076010
28,2,-124.29212776300,40.08457238730
28,3,-123.95885084400,39.69599958030
28,4,-123.92441466500,38.92314435860
28,5,-123.58349925200,38.56364287490
28,6,-123.41109239300,38.13527429240
28,7,-123.49236301500,38.02153737980
28,8,-123.02058960900,37.62268038430
28,9,-122.97386820100,37.55413764820
28,10,-122.63082835100,37.04540591360
28,11,-122.34820882200,36.94419862940
28,12,-122.26476710400,36.94984051600
28,13,-122.39816875500,37.02984878860
28,14,-122.62629582600,37.07426009310
28,15,-122.94160035300,37.56682781430
28,16,-122.98645172700,37.63616923230
28,17,-123.44509163900,38.04743745390
28,18,-123.34278744900,38.09394098200
28,19,-123.51404609100,38.51679392740
28,20,-123.90227210600,38.91894659580
28,21,-123.93287791400,39.75491608650
28,22,-124.24691743500,40.08774076010
29,1,-121.96735352500,36.53822600470
29,2,-121.98017176400,36.52924363860
29,3,-122.02258237400,36.28822317100
29,4,-121.89836194600,36.24456161190
29,5,-121.63812870500,36.07676170910
29,6,-121.32481264400,35.63539976820
29,7,-121.13117033700,35.48951748220
29,8,-121.09566957000,35.49114074750
29,9,-121.31261206900,35.65263520260
29,10,-121.61103710300,36.07249833510
29,11,-121.89979110600,36.26393594590
29,12,-121.99642179000,36.29790600330
29,13,-121.96735352500,36.53822600470
30,1,-121.13117033700,35.48951748220
30,2,-120.90895468000,35.15269627720
30,3,-120.84090970400,34.65283568780
30,4,-120.73590937400,34.50742306540
30,5,-120.60841820400,34.44760256250
30,6,-120.57004601600,34.44864631730
30,7,-120.71848913800,34.52101286840
30,8,-120.81122295000,34.66435499330
30,9,-120.87803057900,35.14623195020
30,10,-120.97195789900,35.28917244410
30,11,-121.09566957000,35.49114074750
30,12,-121.13117033700,35.48951748220
31,1,-120.99157492500,34.43632102700
31,2,-120.97953434200,34.35648512850
31,3,-120.58053792700,34.38883680900
31,4,-120.60841820400,34.44760256250
31,5,-120.75056473000,34.44359955630
31,6,-120.99157492500,34.43632102700
32,1,-121.33132366400,35.48011802860
32,2,-121.14856880600,35.17348059140
32,3,-121.17559988300,34.86817959930
32,4,-120.75056473000,34.44359955630
32,5,-120.60841820400,34.44760256250
32,6,-120.73590937400,34.50742306540
32,7,-120.84090970400,34.65283568780
32,8,-120.90895468000,35.15269627720
32,9,-121.13117033700,35.48951748220
32,10,-121.33132366400,35.48011802860
33,1,-122.00852171000,36.54722712470
33,2,-122.12208863100,36.35803629030
33,3,-121.99790874600,36.22837423080
33,4,-121.90007476900,36.22224952160
33,5,-121.65738489000,36.06472195990
33,6,-121.56097028400,35.83027700440
33,7,-121.33132366400,35.48011802860
33,8,-121.13117033700,35.48951748220
33,9,-121.32481264400,35.63539976820
33,10,-121.63812870500,36.07676170910
33,11,-121.89836194600,36.24456161190
33,12,-122.02258237400,36.28822317100
33,13,-121.98017176400,36.52924363860
33,14,-122.00852171000,36.54722712470
34,1,-124.29212776300,40.08457238730
34,2,-124.33481429400,40.08156253410
34,3,-123.99799188700,39.65347253720
34,4,-123.98368406900,38.93620176340
34,5,-123.49232077600,38.23282206860
34,6,-123.53713340900,38.04146959990
34,7,-123.44276429000,37.88193997380
34,8,-123.13259107500,37.68440202270
34,9,-122.98918386200,37.43598849090
34,10,-122.91368798900,37.14893478570
34,11,-122.67072199600,37.02023704690
34,12,-122.40985120100,36.93998458190
34,13,-122.34820882200,36.94419862940
34,14,-122.63082835100,37.04540591360
34,15,-122.97386820100,37.55413764820
34,16,-123.02058960900,37.62268038430
34,17,-123.49236301500,38.02153737980
34,18,-123.41109239300,38.13527429240
34,19,-123.58349925200,38.56364287490
34,20,-123.92441466500,38.92314435860
34,21,-123.95885084400,39.69599958030
34,22,-124.29212776300,40.08457238730
35,1,-124.58196961900,40.41582363340
35,2,-124.60862323500,40.41619436730
35,3,-124.46832698300,40.29325034380
35,4,-124.81771487600,40.31773220840
35,5,-124.33481429400,40.08156253410
35,6,-124.29212776300,40.08457238730
35,7,-124.57105695100,40.28181815820
35,8,-124.43472436600,40.27360190110
35,9,-124.46665635300,40.36554361310
35,10,-124.58196961900,40.41582363340
36,1,-124.85891416600,42.99350866000
36,2,-124.90316167700,42.99031470680
36,3,-124.87424943400,42.73760249220
36,4,-124.77326110200,42.62656490330
36,5,-124.84744843300,42.48923685230
36,6,-124.63046507900,41.97889182580
36,7,-124.55814389100,41.56750383060
36,8,-124.42189781800,41.09876137690
36,9,-124.68044506900,40.57865861450
36,10,-124.60862323500,40.41619436730
36,11,-124.58196961900,40.41582363340
36,12,-124.65095030100,40.58081994790
36,13,-124.45993194900,40.79434557390
36,14,-124.35485004100,41.13990381030
36,15,-124.58043021700,41.98243985400
36,16,-124.61673198600,42.31914146560
36,17,-124.80484048900,42.49231831830
36,18,-124.71446588200,42.55340578190
36,19,-124.77768391200,42.89469449380
36,20,-124.85891416600,42.99350866000
37,1,-124.39074615600,46.27182046820
37,2,-124.63692226900,46.25584644830
37,3,-124.78335112700,46.03493487220
37,4,-124.70767610300,44.96393032190
37,5,-124.92856244000,44.92575491540
37,6,-124.93755797900,44.51065025160
37,7,-124.99963024400,43.90744225240
37,8,-124.79150535600,43.76706946660
37,9,-124.91361470200,43.30799319510
37,10,-124.90316167700,42.99031470680
37,11,-124.85891416600,42.99350866000
37,12,-124.74621448500,43.07888736270
37,13,-124.55777458500,43.78295498250
37,14,-124.60761939400,43.92509935300
37,15,-124.92567671300,43.90284562010
37,16,-124.93580298500,44.25217148740
37,17,-124.66509970400,44.52959270910
37,18,-124.34136248300,44.97913393450
37,19,-124.49806649100,45.77459800210
37,20,-124.62548861800,45.94018055220
37,21,-124.39074615600,46.27182046820
38,1,-125.61862377600,48.28241456070
38,2,-125.88693018300,48.25704741880
38,3,-125.65251041900,47.93989109770
38,4,-125.31495989100,47.96390404270
38,5,-125.15382472000,47.57627736440
38,6,-124.86593372200,47.36668361400
38,7,-125.02822733800,47.00299319390
38,8,-124.58713701600,46.52871508430
38,9,-124.63692226900,46.25584644830
38,10,-124.39074615600,46.27182046820
38,11,-124.45066622900,46.55126631730
38,12,-124.94455297800,47.02701271150
38,13,-124.79565546400,47.39424621010
38,14,-125.04387634400,47.70293234450
38,15,-125.20823256100,48.15925424560
38,16,-125.51636058000,48.11479434670
38,17,-125.61862377600,48.28241456070
39,1,-126.89305365000,48.36194362520
39,2,-126.62148956400,48.18441029550
39,3,-126.12444259600,48.23407256620
39,4,-125.88693018300,48.25704741880
39,5,-125.61862377600,48.28241456070
39,6,-125.71560757400,48.47572435570
39,7,-126.89305365000,48.36194362520
40,1,-125.88693018300,48.25704741880
40,2,-126.12444259600,48.23407256620
40,3,-125.77792543200,47.82980020740
40,4,-125.16659601700,47.34626484160
40,5,-125.24490284900,46.74968420270
40,6,-124.84709466600,46.53436524500
40,7,-125.03179384100,46.22911371760
40,8,-124.63692226900,46.25584644830
40,9,-124.58713701600,46.52871508430
40,10,-125.02822733800,47.00299319390
40,11,-124.86593372200,47.36668361400
40,12,-125.15382472000,47.57627736440
40,13,-125.31495989100,47.96390404270
40,14,-125.65251041900,47.93989109770
40,15,-125.88693018300,48.25704741880
41,1,-124.63692226900,46.25584644830
41,2,-125.03179384100,46.22911371760
41,3,-125.00321497800,45.91452984100
41,4,-124.87334874700,45.78609915780
41,5,-125.08083036800,44.95162315040
41,6,-125.00469034700,44.86999192170
41,7,-125.16340698400,44.71656495280
41,8,-125.13223618800,44.49792877590
41,9,-125.05844980600,43.90692358370
41,10,-124.97439829900,43.75384952580
41,11,-125.06553434900,43.46070281090
41,12,-125.01297003200,42.98230954540
41,13,-124.90316167700,42.99031470680
41,14,-124.91361470200,43.30799319510
41,15,-124.79150535600,43.76706946660
41,16,-124.99963024400,43.90744225240
41,17,-124.93755797900,44.51065025160
41,18,-124.92856244000,44.92575491540
41,19,-124.70767610300,44.96393032190
41,20,-124.78335112700,46.03493487220
41,21,-124.63692226900,46.25584644830
42,1,-125.01297003200,42.98230954540
42,2,-124.98613821300,42.60654686910
42,3,-124.86414519000,42.38333079400
42,4,-125.05211602700,41.94804957370
42,5,-124.99436113400,41.70879248820
42,6,-124.82157990700,41.26592483870
42,7,-124.58358428800,41.19209547350
42,8,-124.82331548600,41.09256934080
42,9,-124.66667255500,40.41697828060
42,10,-124.60862323500,40.41619436730
42,11,-124.68044506900,40.57865861450
42,12,-124.42189781800,41.09876137690
42,13,-124.55814389100,41.56750383060
42,14,-124.63046507900,41.97889182580
42,15,-124.84744843300,42.48923685230
42,16,-124.77326110200,42.62656490330
42,17,-124.87424943400,42.73760249220
42,18,-124.90316167700,42.99031470680
42,19,-125.01297003200,42.98230954540
43,1,-124.66667255500,40.41697828060
43,2,-124.53155852100,40.32077508310
43,3,-124.89970607500,40.34764808080
43,4,-125.07849984300,40.25969518010
43,5,-125.00222527900,40.13316213170
43,6,-124.80365677400,40.04732992860
43,7,-124.33481429400,40.08156253410
43,8,-124.81771487600,40.31773220840
43,9,-124.46832698300,40.29325034380
43,10,-124.60862323500,40.41619436730
43,11,-124.66667255500,40.41697828060
44,1,-124.80365677400,40.04732992860
44,2,-124.58974199200,39.94778966850
44,3,-124.29152044800,39.91227383610
44,4,-124.11363603000,39.57717152870
44,5,-124.23433341200,39.42055239770
44,6,-124.16215326000,39.04358200350
44,7,-123.68281754400,38.41443937410
44,8,-123.56963112200,38.01078213340
44,9,-123.46110821300,37.85218805910
44,10,-123.14401444900,37.58083854250
44,11,-123.20989218100,37.38237510770
44,12,-123.06368710600,37.09977835270
44,13,-122.53860783100,36.93105593710
44,14,-122.40985120100,36.93998458190
44,15,-122.67072199600,37.02023704690
44,16,-122.91368798900,37.14893478570
44,17,-122.98918386200,37.43598849090
44,18,-123.13259107500,37.68440202270
44,19,-123.44276429000,37.88193997380
44,20,-123.53713340900,38.04146959990
44,21,-123.49232077600,38.23282206860
44,22,-123.98368406900,38.93620176340
44,23,-123.99799188700,39.65347253720
44,24,-124.33481429400,40.08156253410
44,25,-124.80365677400,40.04732992860
45,1,-122.00852171000,36.54722712470
45,2,-122.06124053100,36.53062494140
45,3,-122.37786360000,36.35812112080
45,4,-122.24096851600,36.20165574140
45,5,-121.92572863000,36.11535987740
45,6,-121.85443253800,35.82706751470
45,7,-122.06701983800,35.81334300340
45,8,-121.98984637200,35.53914098080
45,9,-121.80406888500,35.45624664950
45,10,-121.33132366400,35.48011802860
45,11,-121.56097028400,35.83027700440
45,12,-121.65738489000,36.06472195990
45,13,-121.90007476900,36.22224952160
45,14,-121.99790874600,36.22837423080
45,15,-122.12208863100,36.35803629030
45,16,-122.00852171000,36.54722712470
46,1,-121.80406888500,35.45624664950
46,2,-121.57209115100,34.97108646050
46,3,-121.69672211700,34.83347183190
46,4,-121.61150678300,34.69834690790
46,5,-120.99157492500,34.43632102700
46,6,-120.75056473000,34.44359955630
46,7,-121.17559988300,34.86817959930
46,8,-121.14856880600,35.17348059140
46,9,-121.33132366400,35.48011802860
46,10,-121.80406888500,35.45624664950
47,1,-121.40354219500,34.42244711770
47,2,-121.31731941700,34.32774631150
47,3,-120.97953434200,34.35648512850
47,4,-120.99157492500,34.43632102700
47,5,-121.40354219500,34.42244711770
48,1,-122.12423181200,35.43874487640
48,2,-121.89325723100,34.95346212460
48,3,-121.40354219500,34.42244711770
48,4,-120.99157492500,34.43632102700
48,5,-121.61150678300,34.69834690790
48,6,-121.69672211700,34.83347183190
48,7,-121.57209115100,34.97108646050
48,8,-121.80406888500,35.45624664950
48,9,-122.12423181200,35.43874487640
49,1,-122.37786360000,36.35812112080
49,2,-122.55746925100,36.32749329970
49,3,-122.12423181200,35.43874487640
49,4,-121.80406888500,35.45624664950
49,5,-121.98984637200,35.53914098080
49,6,-122.06701983800,35.81334300340
49,7,-121.85443253800,35.82706751470
49,8,-121.92572863000,36.11535987740
49,9,-122.24096851600,36.20165574140
49,10,-122.37786360000,36.35812112080
50,1,-125.28983697000,40.00955328220
50,2,-124.41629937800,39.35066887160
50,3,-123.41836548000,37.68700782810
50,4,-123.49371791600,37.31343044600
50,5,-122.89689908500,36.90530893080
50,6,-122.53860783100,36.93105593710
50,7,-123.06368710600,37.09977835270
50,8,-123.20989218100,37.38237510770
50,9,-123.14401444900,37.58083854250
50,10,-123.46110821300,37.85218805910
50,11,-123.56963112200,38.01078213340
50,12,-123.68281754400,38.41443937410
50,13,-124.16215326000,39.04358200350
50,14,-124.23433341200,39.42055239770
50,15,-124.11363603000,39.57717152870
50,16,-124.29152044800,39.91227383610
50,17,-124.58974199200,39.94778966850
50,18,-124.80365677400,40.04732992860
50,19,-125.28983697000,40.00955328220
51,1,-125.85726073900,40.42594985530
51,2,-125.28983697000,40.00955328220
51,3,-124.80365677400,40.04732992860
51,4,-125.00222527900,40.13316213170
51,5,-125.07849984300,40.25969518010
51,6,-124.89970607500,40.34764808080
51,7,-124.53155852100,40.32077508310
51,8,-124.66667255500,40.41697828060
51,9,-124.83640933000,40.41908557310
51,10,-125.85726073900,40.42594985530
52,1,-125.01297003200,42.98230954540
52,2,-125.16543181400,42.97100856770
52,3,-125.05076438800,42.38647775690
52,4,-125.20900981900,42.10666506040
52,5,-125.16239166100,41.93970498790
52,6,-124.89445869800,40.96069901240
52,7,-124.83640933000,40.41908557310
52,8,-124.66667255500,40.41697828060
52,9,-124.82331548600,41.09256934080
52,10,-124.58358428800,41.19209547350
52,11,-124.82157990700,41.26592483870
52,12,-124.99436113400,41.70879248820
52,13,-125.05211602700,41.94804957370
52,14,-124.86414519000,42.38333079400
52,15,-124.98613821300,42.60654686910
52,16,-125.01297003200,42.98230954540
53,1,-125.03179384100,46.22911371760
53,2,-125.71761242200,46.17942487350
53,3,-125.82905203500,45.85479182370
53,4,-125.49482818700,45.49103004870
53,5,-125.27834393000,44.48815610300
53,6,-125.33576708600,43.72575810850
53,7,-125.16543181400,42.97100856770
53,8,-125.01297003200,42.98230954540
53,9,-125.06553434900,43.46070281090
53,10,-124.97439829900,43.75384952580
53,11,-125.05844980600,43.90692358370
53,12,-125.13223618800,44.49792877590
53,13,-125.16340698400,44.71656495280
53,14,-125.00469034700,44.86999192170
53,15,-125.08083036800,44.95162315040
53,16,-124.87334874700,45.78609915780
53,17,-125.00321497800,45.91452984100
53,18,-125.03179384100,46.22911371760
54,1,-126.12444259600,48.23407256620
54,2,-126.62148956400,48.18441029550
54,3,-126.85176211100,47.69587589200
54,4,-126.27240731100,47.47478314240
54,5,-125.71761242200,46.17942487350
54,6,-125.03179384100,46.22911371760
54,7,-124.84709466600,46.53436524500
54,8,-125.24490284900,46.74968420270
54,9,-125.16659601700,47.34626484160
54,10,-125.77792543200,47.82980020740
54,11,-126.12444259600,48.23407256620
55,1,-121.92354238400,36.63375919930
55,2,-121.76483648300,36.78851620180
55,3,-121.88170279000,36.96943498450
55,4,-122.11402492800,36.95970867160
55,5,-122.15280971000,36.95729773050
55,6,-121.81165790100,36.83965248580
55,7,-121.79655420500,36.80532569240
55,8,-121.95541616900,36.64060046530
55,9,-121.92354238400,36.63375919930
56,1,-122.21171586700,36.95339023460
56,2,-122.12795562200,36.86853765850
56,3,-121.81986532400,36.82867041980
56,4,-121.81507226300,36.80948700860
56,5,-121.96641645000,36.66041238680
56,6,-121.96077005900,36.61472846380
56,7,-121.95541616900,36.64060046530
56,8,-121.79655420500,36.80532569240
56,9,-121.81165790100,36.83965248580
56,10,-122.15280971000,36.95729773050
56,11,-122.21171586700,36.95339023460
57,1,-121.96077005900,36.61472846380
57,2,-121.96735352500,36.53822600470
57,3,-121.99642179000,36.29790600330
57,4,-121.89979110600,36.26393594590
57,5,-121.61103710300,36.07249833510
57,6,-121.31261206900,35.65263520260
57,7,-121.09566957000,35.49114074750
57,8,-121.06651724800,35.49246384470
57,9,-121.18689066700,35.61091617240
57,10,-121.28730620300,35.67323424950
57,11,-121.38912400900,35.80489247900
57,12,-121.59415434700,36.07052226980
57,13,-121.80660500000,36.22970150030
57,14,-121.97736720300,36.31277322740
57,15,-121.95777722000,36.45185515720
57,16,-121.96077005900,36.61472846380
58,1,-121.98017176400,36.52924363860
58,2,-121.96735352500,36.53822600470
58,3,-121.98051135000,36.66802201900
58,4,-121.82857270900,36.80882314940
58,5,-122.15410681700,36.85606951510
58,6,-122.26476710400,36.94984051600
58,7,-122.34820882200,36.94419862940
58,8,-122.14899792700,36.83414045400
58,9,-121.85557278600,36.80748985870
58,10,-122.00745070500,36.66664649470
58,11,-121.98017176400,36.52924363860
59,1,-122.00852171000,36.54722712470
59,2,-122.03038890900,36.65714256110
59,3,-121.95556385100,36.78583957370
59,4,-122.18079235300,36.80749213750
59,5,-122.40985120100,36.93998458190
59,6,-122.34820882200,36.94419862940
59,7,-122.14899792700,36.83414045400
59,8,-121.85557278600,36.80748985870
59,9,-122.00745070500,36.66664649470
59,10,-121.98017176400,36.52924363860
59,11,-122.00852171000,36.54722712470
60,1,-122.06124053100,36.53062494140
60,2,-122.03734610900,36.70396783630
60,3,-122.10649893400,36.76699091770
60,4,-122.16851354800,36.69435222280
60,5,-122.30498237800,36.75089167540
60,6,-122.26397696900,36.83081168370
60,7,-122.53860783100,36.93105593710
60,8,-122.40985120100,36.93998458190
60,9,-122.18079235300,36.80749213750
60,10,-121.95556385100,36.78583957370
60,11,-122.03038890900,36.65714256110
60,12,-122.00852171000,36.54722712470
60,13,-122.06124053100,36.53062494140
61,1,-122.37786360000,36.35812112080
61,2,-122.06124053100,36.53062494140
61,3,-122.03734610900,36.70396783630
61,4,-122.10649893400,36.76699091770
61,5,-122.16851354800,36.69435222280
61,6,-122.30498237800,36.75089167540
61,7,-122.26397696900,36.83081168370
61,8,-122.53860783100,36.93105593710
61,9,-122.89689908500,36.90530893080
61,10,-122.34168737300,36.55992083080
61,11,-122.55746925100,36.32749329970
61,12,-122.37786360000,36.35812112080
